Designator,Val,Package,Mid X,Mid Y,Rotation,Layer
C1,100n,C_0402_1005Metric,159.4866,-229.5652,90,top
C2,2.2u,C_0402_1005Metric,158.4198,-229.5652,90,top
C3,100n,C_0402_1005Metric,150.9268,-235.5342,0,top
C4,100n,C_0402_1005Metric,139.7,-237.5408,180,top
C5,2.2u,C_0402_1005Metric,150.368,-238.4298,0,top
C6,100n,C_0402_1005Metric,139.8524,-236.4994,180,top
C7,100n,C_0402_1005Metric,144.1704,-241.3762,-90,top
C8,100n,C_0402_1005Metric,147.8534,-231.0384,90,top
C9,100n,C_0402_1005Metric,144.1704,-231.0384,90,top
C10,100n,C_0402_1005Metric,147.7518,-241.4016,-90,top
C11,100n,C_0402_1005Metric,150.3934,-236.601,0,top
C12,100n,C_0402_1005Metric,150.3706,-239.4966,0,top
C13,2.2u,C_0402_1005Metric,148.8186,-241.4016,-90,top
C14,2.2u,C_0402_1005Metric,150.3706,-240.538,0,top
C15,12pF,C_0402_1005Metric,135.636,-231.1146,180,top
C16,12pF,C_0402_1005Metric,135.6106,-236.6518,0,top
C17,1u,C_0402_1005Metric,78.359,-220.5736,-90,top
C18,1u,C_0402_1005Metric,84.0232,-219.8878,-90,top
C19,100u,C_1206_3216Metric,65.532,-239.9284,180,top
C20,100u,C_1206_3216Metric,65.5066,-237.3122,180,top
C21,100n,C_0402_1005Metric,90.9066,-225.143,90,top
C22,100u,C_1206_3216Metric,79.2988,-247.5992,180,top
C23,100u,C_1206_3216Metric,93.5736,-244.2737,180,top
C24,100n,C_0402_1005Metric,115.8494,-229.7176,180,top
C25,100n,C_0402_1005Metric,93.9546,-239.7506,180,top
C26,100u,C_1206_3216Metric,100.8888,-240.2586,90,top
C27,2.4n,C_0603_1608Metric,109.4232,-230.8606,180,top
C28,100n,C_0402_1005Metric,85.7504,-239.1664,180,top
C29,1n,C_0402_1005Metric,110.7186,-234.8738,90,top
C30,100u,C_1206_3216Metric,84.9884,-236.1184,0,top
C31,47n,C_0402_1005Metric,124.1298,-236.1692,-90,top
C32,1n,C_0402_1005Metric,122.8598,-236.1692,90,top
C33,100n,C_0402_1005Metric,174.7582,-247.9756,90,top
C34,100n,C_0402_1005Metric,56.3906,-25.030471,0,top
C35,100n,C_0402_1005Metric,56.3906,-35.849793,0,top
C36,100n,C_0402_1005Metric,56.3906,-47.126941,0,top
C37,100n,C_0402_1005Metric,56.3906,-58.175176,0,top
C38,100n,C_0402_1005Metric,56.3906,-69.215,0,top
C39,100n,C_0402_1005Metric,56.3906,-80.271646,0,top
C40,100n,C_0402_1005Metric,56.3906,-91.319881,0,top
C41,100n,C_0402_1005Metric,56.3906,-102.362,0,top
C42,100n,C_0402_1005Metric,56.3906,-113.411,0,top
C43,100n,C_0402_1005Metric,56.3906,-124.464586,0,top
C44,100n,C_0402_1005Metric,56.3906,-135.365431,0,top
C45,100n,C_0402_1005Metric,56.3906,-146.558,0,top
C46,100n,C_0402_1005Metric,56.3906,-157.470057,0,top
C47,100n,C_0402_1005Metric,56.3906,-168.783,0,top
C48,100n,C_0402_1005Metric,56.3906,-179.705,0,top
C49,100n,C_0402_1005Metric,56.2356,-190.881,0,top
C50,100n,C_0402_1005Metric,66.548,-25.030471,0,top
C51,100n,C_0402_1005Metric,66.586387,-35.849793,0,top
C52,100n,C_0402_1005Metric,66.586387,-47.126941,0,top
C53,100n,C_0402_1005Metric,66.586387,-58.175176,0,top
C54,100n,C_0402_1005Metric,66.586387,-69.215,0,top
C55,100n,C_0402_1005Metric,66.586387,-80.271646,0,top
C56,100n,C_0402_1005Metric,66.578193,-91.319881,0,top
C57,100n,C_0402_1005Metric,66.578193,-102.362,0,top
C58,100n,C_0402_1005Metric,66.578193,-113.411,0,top
C59,100n,C_0402_1005Metric,66.578193,-124.464586,0,top
C60,100n,C_0402_1005Metric,66.578193,-135.365431,0,top
C61,100n,C_0402_1005Metric,66.578193,-146.558,0,top
C62,100n,C_0402_1005Metric,66.578193,-157.470057,0,top
C63,100n,C_0402_1005Metric,66.578193,-168.783,0,top
C64,100n,C_0402_1005Metric,66.578193,-179.705,0,top
C65,100n,C_0402_1005Metric,66.427354,-190.881,0,top
C66,100n,C_0402_1005Metric,76.5302,-25.030471,0,top
C67,100n,C_0402_1005Metric,76.782174,-35.849793,0,top
C68,100n,C_0402_1005Metric,76.782174,-47.126941,0,top
C69,100n,C_0402_1005Metric,76.782174,-58.175176,0,top
C70,100n,C_0402_1005Metric,76.782174,-69.215,0,top
C71,100n,C_0402_1005Metric,76.782174,-80.271646,0,top
C72,100n,C_0402_1005Metric,76.765786,-91.319881,0,top
C73,100n,C_0402_1005Metric,76.765786,-102.362,0,top
C74,100n,C_0402_1005Metric,76.765786,-113.411,0,top
C75,100n,C_0402_1005Metric,76.765786,-124.464586,0,top
C76,100n,C_0402_1005Metric,76.765786,-135.365431,0,top
C77,100n,C_0402_1005Metric,76.765786,-146.558,0,top
C78,100n,C_0402_1005Metric,76.765786,-157.470057,0,top
C79,100n,C_0402_1005Metric,76.765786,-168.783,0,top
C80,100n,C_0402_1005Metric,76.765786,-179.705,0,top
C81,100n,C_0402_1005Metric,76.619108,-190.881,0,top
C82,100n,C_0402_1005Metric,86.55,-25.030471,0,top
C83,100n,C_0402_1005Metric,86.977961,-35.849793,0,top
C84,100n,C_0402_1005Metric,86.977961,-47.126941,0,top
C85,100n,C_0402_1005Metric,86.977961,-58.175176,0,top
C86,100n,C_0402_1005Metric,86.977961,-69.215,0,top
C87,100n,C_0402_1005Metric,86.977961,-80.271646,0,top
C88,100n,C_0402_1005Metric,86.953379,-91.319881,0,top
C89,100n,C_0402_1005Metric,86.953379,-102.362,0,top
C90,100n,C_0402_1005Metric,86.953379,-113.411,0,top
C91,100n,C_0402_1005Metric,86.953379,-124.464586,0,top
C92,100n,C_0402_1005Metric,86.953379,-135.365431,0,top
C93,100n,C_0402_1005Metric,86.953379,-146.558,0,top
C94,100n,C_0402_1005Metric,86.953379,-157.470057,0,top
C95,100n,C_0402_1005Metric,86.953379,-168.783,0,top
C96,100n,C_0402_1005Metric,86.953379,-179.705,0,top
C97,100n,C_0402_1005Metric,86.810862,-190.881,0,top
C98,100n,C_0402_1005Metric,97.06,-25.030471,0,top
C99,100n,C_0402_1005Metric,97.173748,-35.849793,0,top
C100,100n,C_0402_1005Metric,97.173748,-47.126941,0,top
C101,100n,C_0402_1005Metric,97.173748,-58.175176,0,top
C102,100n,C_0402_1005Metric,97.173748,-69.215,0,top
C103,100n,C_0402_1005Metric,97.173748,-80.271646,0,top
C104,100n,C_0402_1005Metric,97.140972,-91.319881,0,top
C105,100n,C_0402_1005Metric,97.140972,-102.362,0,top
C106,100n,C_0402_1005Metric,97.140972,-113.411,0,top
C107,100n,C_0402_1005Metric,97.140972,-124.464586,0,top
C108,100n,C_0402_1005Metric,97.140972,-135.365431,0,top
C109,100n,C_0402_1005Metric,97.140972,-146.558,0,top
C110,100n,C_0402_1005Metric,97.140972,-157.470057,0,top
C111,100n,C_0402_1005Metric,97.140972,-168.783,0,top
C112,100n,C_0402_1005Metric,97.140972,-179.705,0,top
C113,100n,C_0402_1005Metric,97.002616,-190.881,0,top
C114,100n,C_0402_1005Metric,107.435,-25.030471,0,top
C115,100n,C_0402_1005Metric,107.369535,-35.849793,0,top
C116,100n,C_0402_1005Metric,107.369535,-47.126941,0,top
C117,100n,C_0402_1005Metric,107.369535,-58.175176,0,top
C118,100n,C_0402_1005Metric,107.369535,-69.215,0,top
C119,100n,C_0402_1005Metric,107.369535,-80.271646,0,top
C120,100n,C_0402_1005Metric,107.328565,-91.319881,0,top
C121,100n,C_0402_1005Metric,107.328565,-102.362,0,top
C122,100n,C_0402_1005Metric,107.328565,-113.411,0,top
C123,100n,C_0402_1005Metric,107.328565,-124.464586,0,top
C124,100n,C_0402_1005Metric,107.328565,-135.365431,0,top
C125,100n,C_0402_1005Metric,107.328565,-146.558,0,top
C126,100n,C_0402_1005Metric,107.328565,-157.470057,0,top
C127,100n,C_0402_1005Metric,107.328565,-168.783,0,top
C128,100n,C_0402_1005Metric,107.328565,-179.705,0,top
C129,100n,C_0402_1005Metric,107.19437,-190.881,0,top
C130,100n,C_0402_1005Metric,117.46,-25.146,0,top
C131,100n,C_0402_1005Metric,117.565322,-35.849793,0,top
C132,100n,C_0402_1005Metric,117.565322,-47.126941,0,top
C133,100n,C_0402_1005Metric,117.565322,-58.175176,0,top
C134,100n,C_0402_1005Metric,117.565322,-69.215,0,top
C135,100n,C_0402_1005Metric,117.565322,-80.271646,0,top
C136,100n,C_0402_1005Metric,117.516158,-91.319881,0,top
C137,100n,C_0402_1005Metric,117.516158,-102.362,0,top
C138,100n,C_0402_1005Metric,117.516158,-113.411,0,top
C139,100n,C_0402_1005Metric,117.516158,-124.464586,0,top
C140,100n,C_0402_1005Metric,117.516158,-135.365431,0,top
C141,100n,C_0402_1005Metric,117.516158,-146.558,0,top
C142,100n,C_0402_1005Metric,117.516158,-157.470057,0,top
C143,100n,C_0402_1005Metric,117.516158,-168.783,0,top
C144,100n,C_0402_1005Metric,117.516158,-179.705,0,top
C145,100n,C_0402_1005Metric,117.386124,-190.881,0,top
C146,100n,C_0402_1005Metric,127.79,-25.142177,0,top
C147,100n,C_0402_1005Metric,127.761109,-35.849793,0,top
C148,100n,C_0402_1005Metric,127.761109,-47.126941,0,top
C149,100n,C_0402_1005Metric,127.761109,-58.175176,0,top
C150,100n,C_0402_1005Metric,127.761109,-69.215,0,top
C151,100n,C_0402_1005Metric,127.761109,-80.271646,0,top
C152,100n,C_0402_1005Metric,127.703751,-91.319881,0,top
C153,100n,C_0402_1005Metric,127.703751,-102.362,0,top
C154,100n,C_0402_1005Metric,127.703751,-113.411,0,top
C155,100n,C_0402_1005Metric,127.703751,-124.464586,0,top
C156,100n,C_0402_1005Metric,127.703751,-135.365431,0,top
C157,100n,C_0402_1005Metric,127.703751,-146.558,0,top
C158,100n,C_0402_1005Metric,127.703751,-157.470057,0,top
C159,100n,C_0402_1005Metric,127.703751,-168.783,0,top
C160,100n,C_0402_1005Metric,127.703751,-179.705,0,top
C161,100n,C_0402_1005Metric,127.577878,-190.881,0,top
C162,100n,C_0402_1005Metric,137.86,-24.889968,0,top
C163,100n,C_0402_1005Metric,137.956896,-35.849793,0,top
C164,100n,C_0402_1005Metric,137.956896,-47.126941,0,top
C165,100n,C_0402_1005Metric,137.956896,-58.175176,0,top
C166,100n,C_0402_1005Metric,137.956896,-69.215,0,top
C167,100n,C_0402_1005Metric,137.956896,-80.271646,0,top
C168,100n,C_0402_1005Metric,137.891344,-91.319881,0,top
C169,100n,C_0402_1005Metric,137.891344,-102.362,0,top
C170,100n,C_0402_1005Metric,137.891344,-113.411,0,top
C171,100n,C_0402_1005Metric,137.891344,-124.464586,0,top
C172,100n,C_0402_1005Metric,137.891344,-135.365431,0,top
C173,100n,C_0402_1005Metric,137.891344,-146.558,0,top
C174,100n,C_0402_1005Metric,137.891344,-157.470057,0,top
C175,100n,C_0402_1005Metric,137.891344,-168.783,0,top
C176,100n,C_0402_1005Metric,137.891344,-179.705,0,top
C177,100n,C_0402_1005Metric,137.769632,-190.881,0,top
C178,100n,C_0402_1005Metric,148.19,-25.016968,0,top
C179,100n,C_0402_1005Metric,148.152683,-35.849793,0,top
C180,100n,C_0402_1005Metric,148.152683,-47.126941,0,top
C181,100n,C_0402_1005Metric,148.152683,-58.175176,0,top
C182,100n,C_0402_1005Metric,148.152683,-69.215,0,top
C183,100n,C_0402_1005Metric,148.152683,-80.271646,0,top
C184,100n,C_0402_1005Metric,148.078937,-91.319881,0,top
C185,100n,C_0402_1005Metric,148.078937,-102.362,0,top
C186,100n,C_0402_1005Metric,148.078937,-113.411,0,top
C187,100n,C_0402_1005Metric,148.078937,-124.464586,0,top
C188,100n,C_0402_1005Metric,148.078937,-135.365431,0,top
C189,100n,C_0402_1005Metric,148.078937,-146.558,0,top
C190,100n,C_0402_1005Metric,148.078937,-157.470057,0,top
C191,100n,C_0402_1005Metric,148.078937,-168.783,0,top
C192,100n,C_0402_1005Metric,148.078937,-179.705,0,top
C193,100n,C_0402_1005Metric,147.961386,-190.881,0,top
C194,100n,C_0402_1005Metric,158.26,-24.842301,0,top
C195,100n,C_0402_1005Metric,158.34847,-35.849793,0,top
C196,100n,C_0402_1005Metric,158.34847,-47.126941,0,top
C197,100n,C_0402_1005Metric,158.34847,-58.175176,0,top
C198,100n,C_0402_1005Metric,158.34847,-69.215,0,top
C199,100n,C_0402_1005Metric,158.34847,-80.271646,0,top
C200,100n,C_0402_1005Metric,158.26653,-91.319881,0,top
C201,100n,C_0402_1005Metric,158.26653,-102.362,0,top
C202,100n,C_0402_1005Metric,158.26653,-113.411,0,top
C203,100n,C_0402_1005Metric,158.26653,-124.464586,0,top
C204,100n,C_0402_1005Metric,158.26653,-135.365431,0,top
C205,100n,C_0402_1005Metric,158.26653,-146.558,0,top
C206,100n,C_0402_1005Metric,158.26653,-157.470057,0,top
C207,100n,C_0402_1005Metric,158.26653,-168.783,0,top
C208,100n,C_0402_1005Metric,158.26653,-179.705,0,top
C209,100n,C_0402_1005Metric,158.15314,-190.881,0,top
C210,100n,C_0402_1005Metric,168.46,-24.842301,0,top
C211,100n,C_0402_1005Metric,168.544257,-35.849793,0,top
C212,100n,C_0402_1005Metric,168.544257,-47.126941,0,top
C213,100n,C_0402_1005Metric,168.544257,-58.175176,0,top
C214,100n,C_0402_1005Metric,168.544257,-69.215,0,top
C215,100n,C_0402_1005Metric,168.544257,-80.271646,0,top
C216,100n,C_0402_1005Metric,168.454123,-91.319881,0,top
C217,100n,C_0402_1005Metric,168.454123,-102.362,0,top
C218,100n,C_0402_1005Metric,168.454123,-113.411,0,top
C219,100n,C_0402_1005Metric,168.454123,-124.464586,0,top
C220,100n,C_0402_1005Metric,168.454123,-135.365431,0,top
C221,100n,C_0402_1005Metric,168.454123,-146.558,0,top
C222,100n,C_0402_1005Metric,168.454123,-157.470057,0,top
C223,100n,C_0402_1005Metric,168.454123,-168.783,0,top
C224,100n,C_0402_1005Metric,168.454123,-179.705,0,top
C225,100n,C_0402_1005Metric,168.344894,-190.881,0,top
C226,100n,C_0402_1005Metric,178.66,-24.888432,0,top
C227,100n,C_0402_1005Metric,178.740044,-35.849793,0,top
C228,100n,C_0402_1005Metric,178.740044,-47.126941,0,top
C229,100n,C_0402_1005Metric,178.740044,-58.175176,0,top
C230,100n,C_0402_1005Metric,178.740044,-69.215,0,top
C231,100n,C_0402_1005Metric,178.740044,-80.271646,0,top
C232,100n,C_0402_1005Metric,178.641716,-91.319881,0,top
C233,100n,C_0402_1005Metric,178.641716,-102.362,0,top
C234,100n,C_0402_1005Metric,178.641716,-113.411,0,top
C235,100n,C_0402_1005Metric,178.641716,-124.464586,0,top
C236,100n,C_0402_1005Metric,178.641716,-135.365431,0,top
C237,100n,C_0402_1005Metric,178.641716,-146.558,0,top
C238,100n,C_0402_1005Metric,178.641716,-157.470057,0,top
C239,100n,C_0402_1005Metric,178.641716,-168.783,0,top
C240,100n,C_0402_1005Metric,178.641716,-179.705,0,top
C241,100n,C_0402_1005Metric,178.536648,-190.881,0,top
C242,100n,C_0402_1005Metric,188.883662,-25.007531,0,top
C243,100n,C_0402_1005Metric,188.935831,-35.849793,0,top
C244,100n,C_0402_1005Metric,188.935831,-47.126941,0,top
C245,100n,C_0402_1005Metric,188.935831,-58.175176,0,top
C246,100n,C_0402_1005Metric,188.935831,-69.215,0,top
C247,100n,C_0402_1005Metric,188.935831,-80.271646,0,top
C248,100n,C_0402_1005Metric,188.829309,-91.319881,0,top
C249,100n,C_0402_1005Metric,188.829309,-102.362,0,top
C250,100n,C_0402_1005Metric,188.829309,-113.411,0,top
C251,100n,C_0402_1005Metric,188.829309,-124.464586,0,top
C252,100n,C_0402_1005Metric,188.829309,-135.365431,0,top
C253,100n,C_0402_1005Metric,188.829309,-146.558,0,top
C254,100n,C_0402_1005Metric,188.829309,-157.470057,0,top
C255,100n,C_0402_1005Metric,188.829309,-168.783,0,top
C256,100n,C_0402_1005Metric,188.829309,-179.705,0,top
C257,100n,C_0402_1005Metric,188.728402,-190.881,0,top
C258,100n,C_0402_1005Metric,199.082346,-25.007531,0,top
C259,100n,C_0402_1005Metric,199.131618,-35.849793,0,top
C260,100n,C_0402_1005Metric,199.131618,-47.126941,0,top
C261,100n,C_0402_1005Metric,199.131618,-58.175176,0,top
C262,100n,C_0402_1005Metric,199.131618,-69.215,0,top
C263,100n,C_0402_1005Metric,199.131618,-80.271646,0,top
C264,100n,C_0402_1005Metric,199.016902,-91.319881,0,top
C265,100n,C_0402_1005Metric,199.016902,-102.362,0,top
C266,100n,C_0402_1005Metric,199.016902,-113.411,0,top
C267,100n,C_0402_1005Metric,199.016902,-124.464586,0,top
C268,100n,C_0402_1005Metric,199.016902,-135.365431,0,top
C269,100n,C_0402_1005Metric,199.016902,-146.558,0,top
C270,100n,C_0402_1005Metric,199.016902,-157.470057,0,top
C271,100n,C_0402_1005Metric,199.016902,-168.783,0,top
C272,100n,C_0402_1005Metric,199.016902,-179.705,0,top
C273,100n,C_0402_1005Metric,198.920156,-190.881,0,top
C274,100n,C_0402_1005Metric,209.272365,-25.007531,0,top
C275,100n,C_0402_1005Metric,209.327405,-35.849793,0,top
C276,100n,C_0402_1005Metric,209.327405,-47.126941,0,top
C277,100n,C_0402_1005Metric,209.327405,-58.175176,0,top
C278,100n,C_0402_1005Metric,209.327405,-69.215,0,top
C279,100n,C_0402_1005Metric,209.327405,-80.271646,0,top
C280,100n,C_0402_1005Metric,209.204495,-91.319881,0,top
C281,100n,C_0402_1005Metric,209.204495,-102.362,0,top
C282,100n,C_0402_1005Metric,209.204495,-113.411,0,top
C283,100n,C_0402_1005Metric,209.204495,-124.464586,0,top
C284,100n,C_0402_1005Metric,209.204495,-135.365431,0,top
C285,100n,C_0402_1005Metric,209.204495,-146.558,0,top
C286,100n,C_0402_1005Metric,209.204495,-157.470057,0,top
C287,100n,C_0402_1005Metric,209.204495,-168.783,0,top
C288,100n,C_0402_1005Metric,209.204495,-179.705,0,top
C289,100n,C_0402_1005Metric,209.11191,-190.881,0,top
C290,100n,C_0402_1005Metric,219.479714,-25.007533,0,top
C291,100n,C_0402_1005Metric,219.523192,-35.849793,0,top
C292,100n,C_0402_1005Metric,219.523192,-47.126941,0,top
C293,100n,C_0402_1005Metric,219.523192,-58.175176,0,top
C294,100n,C_0402_1005Metric,219.523192,-69.215,0,top
C295,100n,C_0402_1005Metric,219.523192,-80.271646,0,top
C296,100n,C_0402_1005Metric,219.392088,-91.319881,0,top
C297,100n,C_0402_1005Metric,219.392088,-102.362,0,top
C298,100n,C_0402_1005Metric,219.392088,-113.411,0,top
C299,100n,C_0402_1005Metric,219.392088,-124.464586,0,top
C300,100n,C_0402_1005Metric,219.392088,-135.365431,0,top
C301,100n,C_0402_1005Metric,219.392088,-146.558,0,top
C302,100n,C_0402_1005Metric,219.392088,-157.470057,0,top
C303,100n,C_0402_1005Metric,219.392088,-168.783,0,top
C304,100n,C_0402_1005Metric,219.392088,-179.705,0,top
C305,100n,C_0402_1005Metric,219.303664,-190.881,0,top
C306,100n,C_0402_1005Metric,229.678398,-25.007533,0,top
C307,100n,C_0402_1005Metric,229.718979,-35.849793,0,top
C308,100n,C_0402_1005Metric,229.718979,-47.126941,0,top
C309,100n,C_0402_1005Metric,229.718979,-58.175176,0,top
C310,100n,C_0402_1005Metric,229.718979,-69.215,0,top
C311,100n,C_0402_1005Metric,229.718979,-80.271646,0,top
C312,100n,C_0402_1005Metric,229.579681,-91.319881,0,top
C313,100n,C_0402_1005Metric,229.579681,-102.362,0,top
C314,100n,C_0402_1005Metric,229.579681,-113.411,0,top
C315,100n,C_0402_1005Metric,229.579681,-124.464586,0,top
C316,100n,C_0402_1005Metric,229.579681,-135.365431,0,top
C317,100n,C_0402_1005Metric,229.579681,-146.558,0,top
C318,100n,C_0402_1005Metric,229.579681,-157.470057,0,top
C319,100n,C_0402_1005Metric,229.579681,-168.783,0,top
C320,100n,C_0402_1005Metric,229.579681,-179.705,0,top
C321,100n,C_0402_1005Metric,229.495418,-190.881,0,top
C322,100n,C_0402_1005Metric,240.03,-24.772646,0,top
C323,100n,C_0402_1005Metric,239.914766,-35.849793,0,top
C324,100n,C_0402_1005Metric,239.914766,-47.126941,0,top
C325,100n,C_0402_1005Metric,239.914766,-58.175176,0,top
C326,100n,C_0402_1005Metric,239.914766,-69.215,0,top
C327,100n,C_0402_1005Metric,239.914766,-80.271646,0,top
C328,100n,C_0402_1005Metric,239.767274,-91.319881,0,top
C329,100n,C_0402_1005Metric,239.767274,-102.362,0,top
C330,100n,C_0402_1005Metric,239.767274,-113.411,0,top
C331,100n,C_0402_1005Metric,239.767274,-124.464586,0,top
C332,100n,C_0402_1005Metric,239.767274,-135.365431,0,top
C333,100n,C_0402_1005Metric,239.767274,-146.558,0,top
C334,100n,C_0402_1005Metric,239.767274,-157.470057,0,top
C335,100n,C_0402_1005Metric,239.767274,-168.783,0,top
C336,100n,C_0402_1005Metric,239.767274,-179.705,0,top
C337,100n,C_0402_1005Metric,239.687172,-190.881,0,top
C338,100n,C_0402_1005Metric,250.06,-24.772646,0,top
C339,100n,C_0402_1005Metric,250.110553,-35.849793,0,top
C340,100n,C_0402_1005Metric,250.110553,-47.126941,0,top
C341,100n,C_0402_1005Metric,250.110553,-58.175176,0,top
C342,100n,C_0402_1005Metric,250.110553,-69.215,0,top
C343,100n,C_0402_1005Metric,250.110553,-80.271646,0,top
C344,100n,C_0402_1005Metric,249.954867,-91.319881,0,top
C345,100n,C_0402_1005Metric,249.954867,-102.362,0,top
C346,100n,C_0402_1005Metric,249.954867,-113.411,0,top
C347,100n,C_0402_1005Metric,249.954867,-124.464586,0,top
C348,100n,C_0402_1005Metric,249.954867,-135.365431,0,top
C349,100n,C_0402_1005Metric,249.954867,-146.558,0,top
C350,100n,C_0402_1005Metric,249.954867,-157.470057,0,top
C351,100n,C_0402_1005Metric,249.954867,-168.783,0,top
C352,100n,C_0402_1005Metric,249.954867,-179.705,0,top
C353,100n,C_0402_1005Metric,249.878926,-190.881,0,top
C354,100n,C_0402_1005Metric,260.27445,-24.772646,0,top
C355,100n,C_0402_1005Metric,260.30634,-35.849793,0,top
C356,100n,C_0402_1005Metric,260.30634,-47.126941,0,top
C357,100n,C_0402_1005Metric,260.30634,-58.175176,0,top
C358,100n,C_0402_1005Metric,260.30634,-69.215,0,top
C359,100n,C_0402_1005Metric,260.30634,-80.271646,0,top
C360,100n,C_0402_1005Metric,260.14246,-91.319881,0,top
C361,100n,C_0402_1005Metric,260.14246,-102.362,0,top
C362,100n,C_0402_1005Metric,260.14246,-113.411,0,top
C363,100n,C_0402_1005Metric,260.14246,-124.464586,0,top
C364,100n,C_0402_1005Metric,260.14246,-135.365431,0,top
C365,100n,C_0402_1005Metric,260.14246,-146.558,0,top
C366,100n,C_0402_1005Metric,260.14246,-157.470057,0,top
C367,100n,C_0402_1005Metric,260.14246,-168.783,0,top
C368,100n,C_0402_1005Metric,260.14246,-179.705,0,top
C369,100n,C_0402_1005Metric,260.07068,-190.881,0,top
C370,100n,C_0402_1005Metric,270.473134,-24.772646,0,top
C371,100n,C_0402_1005Metric,270.502127,-35.849793,0,top
C372,100n,C_0402_1005Metric,270.502127,-47.126941,0,top
C373,100n,C_0402_1005Metric,270.502127,-58.175176,0,top
C374,100n,C_0402_1005Metric,270.502127,-69.215,0,top
C375,100n,C_0402_1005Metric,270.502127,-80.271646,0,top
C376,100n,C_0402_1005Metric,270.330053,-91.319881,0,top
C377,100n,C_0402_1005Metric,270.330053,-102.362,0,top
C378,100n,C_0402_1005Metric,270.330053,-113.411,0,top
C379,100n,C_0402_1005Metric,270.330053,-124.464586,0,top
C380,100n,C_0402_1005Metric,270.330053,-135.365431,0,top
C381,100n,C_0402_1005Metric,270.330053,-146.558,0,top
C382,100n,C_0402_1005Metric,270.330053,-157.470057,0,top
C383,100n,C_0402_1005Metric,270.330053,-168.783,0,top
C384,100n,C_0402_1005Metric,270.330053,-179.705,0,top
C385,100n,C_0402_1005Metric,270.262434,-190.881,0,top
C386,100n,C_0402_1005Metric,280.671818,-24.780292,0,top
C387,100n,C_0402_1005Metric,280.697914,-35.849793,0,top
C388,100n,C_0402_1005Metric,280.697914,-47.126941,0,top
C389,100n,C_0402_1005Metric,280.697914,-58.175176,0,top
C390,100n,C_0402_1005Metric,280.697914,-69.215,0,top
C391,100n,C_0402_1005Metric,280.697914,-80.271646,0,top
C392,100n,C_0402_1005Metric,280.517646,-91.319881,0,top
C393,100n,C_0402_1005Metric,280.517646,-102.362,0,top
C394,100n,C_0402_1005Metric,280.517646,-113.411,0,top
C395,100n,C_0402_1005Metric,280.517646,-124.464586,0,top
C396,100n,C_0402_1005Metric,280.517646,-135.365431,0,top
C397,100n,C_0402_1005Metric,280.517646,-146.558,0,top
C398,100n,C_0402_1005Metric,280.517646,-157.470057,0,top
C399,100n,C_0402_1005Metric,280.517646,-168.783,0,top
C400,100n,C_0402_1005Metric,280.517646,-179.705,0,top
C401,100n,C_0402_1005Metric,280.454188,-190.881,0,top
C402,100n,C_0402_1005Metric,290.870502,-24.776469,0,top
C403,100n,C_0402_1005Metric,290.893701,-35.849793,0,top
C404,100n,C_0402_1005Metric,290.893701,-47.126941,0,top
C405,100n,C_0402_1005Metric,290.893701,-58.175176,0,top
C406,100n,C_0402_1005Metric,290.893701,-69.215,0,top
C407,100n,C_0402_1005Metric,290.893701,-80.271646,0,top
C408,100n,C_0402_1005Metric,290.705239,-91.319881,0,top
C409,100n,C_0402_1005Metric,290.705239,-102.362,0,top
C410,100n,C_0402_1005Metric,290.705239,-113.411,0,top
C411,100n,C_0402_1005Metric,290.705239,-124.464586,0,top
C412,100n,C_0402_1005Metric,290.705239,-135.365431,0,top
C413,100n,C_0402_1005Metric,290.705239,-146.558,0,top
C414,100n,C_0402_1005Metric,290.705239,-157.470057,0,top
C415,100n,C_0402_1005Metric,290.705239,-168.783,0,top
C416,100n,C_0402_1005Metric,290.705239,-179.705,0,top
C417,100n,C_0402_1005Metric,290.645942,-190.881,0,top
C418,100n,C_0402_1005Metric,301.069186,-24.776469,0,top
C419,100n,C_0402_1005Metric,301.089488,-35.849793,0,top
C420,100n,C_0402_1005Metric,301.089488,-47.126941,0,top
C421,100n,C_0402_1005Metric,301.089488,-58.175176,0,top
C422,100n,C_0402_1005Metric,301.089488,-69.215,0,top
C423,100n,C_0402_1005Metric,301.089488,-80.271646,0,top
C424,100n,C_0402_1005Metric,300.892832,-91.319881,0,top
C425,100n,C_0402_1005Metric,300.892832,-102.362,0,top
C426,100n,C_0402_1005Metric,300.892832,-113.411,0,top
C427,100n,C_0402_1005Metric,300.892832,-124.464586,0,top
C428,100n,C_0402_1005Metric,300.892832,-135.365431,0,top
C429,100n,C_0402_1005Metric,300.892832,-146.558,0,top
C430,100n,C_0402_1005Metric,300.892832,-157.470057,0,top
C431,100n,C_0402_1005Metric,300.892832,-168.783,0,top
C432,100n,C_0402_1005Metric,300.892832,-179.705,0,top
C433,100n,C_0402_1005Metric,300.837696,-190.881,0,top
C434,100n,C_0402_1005Metric,311.26787,-24.776469,0,top
C435,100n,C_0402_1005Metric,311.285275,-35.849793,0,top
C436,100n,C_0402_1005Metric,311.285275,-47.126941,0,top
C437,100n,C_0402_1005Metric,311.285275,-58.175176,0,top
C438,100n,C_0402_1005Metric,311.285275,-69.215,0,top
C439,100n,C_0402_1005Metric,311.285275,-80.271646,0,top
C440,100n,C_0402_1005Metric,311.080425,-91.319881,0,top
C441,100n,C_0402_1005Metric,311.080425,-102.362,0,top
C442,100n,C_0402_1005Metric,311.080425,-113.411,0,top
C443,100n,C_0402_1005Metric,311.080425,-124.464586,0,top
C444,100n,C_0402_1005Metric,311.080425,-135.365431,0,top
C445,100n,C_0402_1005Metric,311.080425,-146.558,0,top
C446,100n,C_0402_1005Metric,311.080425,-157.470057,0,top
C447,100n,C_0402_1005Metric,311.080425,-168.783,0,top
C448,100n,C_0402_1005Metric,311.080425,-179.705,0,top
C449,100n,C_0402_1005Metric,311.02945,-190.881,0,top
C450,100n,C_0402_1005Metric,321.466554,-24.776469,0,top
C451,100n,C_0402_1005Metric,321.481062,-35.849793,0,top
C452,100n,C_0402_1005Metric,321.481062,-47.126941,0,top
C453,100n,C_0402_1005Metric,321.481062,-58.175176,0,top
C454,100n,C_0402_1005Metric,321.481062,-69.215,0,top
C455,100n,C_0402_1005Metric,321.481062,-80.271646,0,top
C456,100n,C_0402_1005Metric,321.268018,-91.319881,0,top
C457,100n,C_0402_1005Metric,321.268018,-102.362,0,top
C458,100n,C_0402_1005Metric,321.268018,-113.411,0,top
C459,100n,C_0402_1005Metric,321.268018,-124.464586,0,top
C460,100n,C_0402_1005Metric,321.268018,-135.365431,0,top
C461,100n,C_0402_1005Metric,321.268018,-146.558,0,top
C462,100n,C_0402_1005Metric,321.268018,-157.470057,0,top
C463,100n,C_0402_1005Metric,321.268018,-168.783,0,top
C464,100n,C_0402_1005Metric,321.268018,-179.705,0,top
C465,100n,C_0402_1005Metric,321.221204,-190.881,0,top
C466,100n,C_0402_1005Metric,331.665238,-24.784115,0,top
C467,100n,C_0402_1005Metric,331.676849,-35.849793,0,top
C468,100n,C_0402_1005Metric,331.676849,-47.126941,0,top
C469,100n,C_0402_1005Metric,331.676849,-58.175176,0,top
C470,100n,C_0402_1005Metric,331.676849,-69.215,0,top
C471,100n,C_0402_1005Metric,331.676849,-80.271646,0,top
C472,100n,C_0402_1005Metric,331.455611,-91.319881,0,top
C473,100n,C_0402_1005Metric,331.455611,-102.362,0,top
C474,100n,C_0402_1005Metric,331.455611,-113.411,0,top
C475,100n,C_0402_1005Metric,331.455611,-124.464586,0,top
C476,100n,C_0402_1005Metric,331.455611,-135.365431,0,top
C477,100n,C_0402_1005Metric,331.455611,-146.558,0,top
C478,100n,C_0402_1005Metric,331.455611,-157.470057,0,top
C479,100n,C_0402_1005Metric,331.455611,-168.783,0,top
C480,100n,C_0402_1005Metric,331.455611,-179.705,0,top
C481,100n,C_0402_1005Metric,331.412958,-190.881,0,top
C482,100n,C_0402_1005Metric,341.863922,-24.784115,0,top
C483,100n,C_0402_1005Metric,341.872636,-35.849793,0,top
C484,100n,C_0402_1005Metric,341.872636,-47.126941,0,top
C485,100n,C_0402_1005Metric,341.872636,-58.175176,0,top
C486,100n,C_0402_1005Metric,341.872636,-69.215,0,top
C487,100n,C_0402_1005Metric,341.872636,-80.271646,0,top
C488,100n,C_0402_1005Metric,341.643204,-91.319881,0,top
C489,100n,C_0402_1005Metric,341.643204,-102.362,0,top
C490,100n,C_0402_1005Metric,341.643204,-113.411,0,top
C491,100n,C_0402_1005Metric,341.643204,-124.464586,0,top
C492,100n,C_0402_1005Metric,341.643204,-135.365431,0,top
C493,100n,C_0402_1005Metric,341.643204,-146.558,0,top
C494,100n,C_0402_1005Metric,341.643204,-157.470057,0,top
C495,100n,C_0402_1005Metric,341.643204,-168.783,0,top
C496,100n,C_0402_1005Metric,341.643204,-179.705,0,top
C497,100n,C_0402_1005Metric,341.604712,-190.881,0,top
C498,100n,C_0402_1005Metric,352.062606,-24.784115,0,top
C499,100n,C_0402_1005Metric,352.068423,-35.849793,0,top
C500,100n,C_0402_1005Metric,352.068423,-47.126941,0,top
C501,100n,C_0402_1005Metric,352.068423,-58.175176,0,top
C502,100n,C_0402_1005Metric,352.068423,-69.215,0,top
C503,100n,C_0402_1005Metric,352.068423,-80.271646,0,top
C504,100n,C_0402_1005Metric,351.830797,-91.319881,0,top
C505,100n,C_0402_1005Metric,351.830797,-102.362,0,top
C506,100n,C_0402_1005Metric,351.830797,-113.411,0,top
C507,100n,C_0402_1005Metric,351.830797,-124.464586,0,top
C508,100n,C_0402_1005Metric,351.830797,-135.365431,0,top
C509,100n,C_0402_1005Metric,351.830797,-146.558,0,top
C510,100n,C_0402_1005Metric,351.830797,-157.470057,0,top
C511,100n,C_0402_1005Metric,351.830797,-168.783,0,top
C512,100n,C_0402_1005Metric,351.830797,-179.705,0,top
C513,100n,C_0402_1005Metric,351.796466,-190.881,0,top
C514,100n,C_0402_1005Metric,362.26129,-24.784115,0,top
C515,100n,C_0402_1005Metric,362.26421,-35.849793,0,top
C516,100n,C_0402_1005Metric,362.26421,-47.126941,0,top
C517,100n,C_0402_1005Metric,362.26421,-58.175176,0,top
C518,100n,C_0402_1005Metric,362.26421,-69.215,0,top
C519,100n,C_0402_1005Metric,362.26421,-80.271646,0,top
C520,100n,C_0402_1005Metric,362.01839,-91.319881,0,top
C521,100n,C_0402_1005Metric,362.01839,-102.362,0,top
C522,100n,C_0402_1005Metric,362.01839,-113.411,0,top
C523,100n,C_0402_1005Metric,362.01839,-124.464586,0,top
C524,100n,C_0402_1005Metric,362.01839,-135.365431,0,top
C525,100n,C_0402_1005Metric,362.01839,-146.558,0,top
C526,100n,C_0402_1005Metric,362.01839,-157.470057,0,top
C527,100n,C_0402_1005Metric,362.01839,-168.783,0,top
C528,100n,C_0402_1005Metric,362.01839,-179.705,0,top
C529,100n,C_0402_1005Metric,361.98822,-190.881,0,top
C530,100n,C_0402_1005Metric,372.46,-24.784115,0,top
C531,100n,C_0402_1005Metric,372.46,-35.849793,0,top
C532,100n,C_0402_1005Metric,372.46,-47.126941,0,top
C533,100n,C_0402_1005Metric,372.46,-58.175176,0,top
C534,100n,C_0402_1005Metric,372.46,-69.215,0,top
C535,100n,C_0402_1005Metric,372.46,-80.271646,0,top
C536,100n,C_0402_1005Metric,372.206,-91.319881,0,top
C537,100n,C_0402_1005Metric,372.206,-102.362,0,top
C538,100n,C_0402_1005Metric,372.206,-113.411,0,top
C539,100n,C_0402_1005Metric,372.206,-124.464586,0,top
C540,100n,C_0402_1005Metric,372.206,-135.365431,0,top
C541,100n,C_0402_1005Metric,372.206,-146.558,0,top
C542,100n,C_0402_1005Metric,372.206,-157.470057,0,top
C543,100n,C_0402_1005Metric,372.206,-168.783,0,top
C544,100n,C_0402_1005Metric,372.206,-179.705,0,top
C545,100n,C_0402_1005Metric,372.18,-190.881,0,top
C546,100n,C_0402_1005Metric,93.98,-247.2201,-90,top
C547,100n,C_0402_1005Metric,217.3732,-243.1542,-90,top
C548,10u,C_0402_1005Metric,218.5416,-243.1542,-90,top
C549,1u,C_0402_1005Metric,218.8718,-239.2654,-90,top
D1,LED,LED_0805_2012Metric,139.7635,-224.7115,90,top
D2,LED,LED_0805_2012Metric,136.271,-224.7115,90,top
D3,LED,LED_0805_2012Metric,132.7785,-224.6145,90,top
D4,LED,LED_0805_2012Metric,129.286,-224.6139,90,top
D5,LED,LED_0805_2012Metric,143.256,-224.7115,90,top
D6,WS2812B,WS2812B_GABE,56.26,-29.63528,90,top
D7,WS2812B,WS2812B_GABE,66.499454,-29.63528,90,top
D8,WS2812B,WS2812B_GABE,76.698138,-29.63528,90,top
D9,WS2812B,WS2812B_GABE,86.896822,-29.63528,90,top
D10,WS2812B,WS2812B_GABE,97.095506,-29.63528,90,top
D11,WS2812B,WS2812B_GABE,107.29419,-29.63528,90,top
D12,WS2812B,WS2812B_GABE,117.492874,-29.63528,90,top
D13,WS2812B,WS2812B_GABE,127.691558,-29.63528,90,top
D14,WS2812B,WS2812B_GABE,137.890242,-29.63528,90,top
D15,WS2812B,WS2812B_GABE,148.088926,-29.63528,90,top
D16,WS2812B,WS2812B_GABE,158.28761,-29.63528,90,top
D17,WS2812B,WS2812B_GABE,168.486294,-29.63528,90,top
D18,WS2812B,WS2812B_GABE,178.684978,-29.63528,90,top
D19,WS2812B,WS2812B_GABE,188.883662,-29.63528,90,top
D20,WS2812B,WS2812B_GABE,199.082346,-29.63528,90,top
D21,WS2812B,WS2812B_GABE,209.28103,-29.63528,90,top
D22,WS2812B,WS2812B_GABE,219.479714,-29.63528,90,top
D23,WS2812B,WS2812B_GABE,229.678398,-29.63528,90,top
D24,WS2812B,WS2812B_GABE,239.877082,-29.63528,90,top
D25,WS2812B,WS2812B_GABE,250.075766,-29.63528,90,top
D26,WS2812B,WS2812B_GABE,260.27445,-29.63528,90,top
D27,WS2812B,WS2812B_GABE,270.473134,-29.63528,90,top
D28,WS2812B,WS2812B_GABE,280.671818,-29.63528,90,top
D29,WS2812B,WS2812B_GABE,290.870502,-29.63528,90,top
D30,WS2812B,WS2812B_GABE,301.069186,-29.63528,90,top
D31,WS2812B,WS2812B_GABE,311.26787,-29.63528,90,top
D32,WS2812B,WS2812B_GABE,321.466554,-29.63528,90,top
D33,WS2812B,WS2812B_GABE,331.665238,-29.63528,90,top
D34,WS2812B,WS2812B_GABE,341.863922,-29.63528,90,top
D35,WS2812B,WS2812B_GABE,352.062606,-29.63528,90,top
D36,WS2812B,WS2812B_GABE,362.26129,-29.63528,90,top
D37,WS2812B,WS2812B_GABE,372.46,-29.63528,90,top
D38,WS2812B,WS2812B_GABE,56.26,-40.66396,90,top
D39,WS2812B,WS2812B_GABE,66.46,-40.66396,90,top
D40,WS2812B,WS2812B_GABE,76.66,-40.66396,90,top
D41,WS2812B,WS2812B_GABE,86.86,-40.66396,90,top
D42,WS2812B,WS2812B_GABE,97.06,-40.66396,90,top
D43,WS2812B,WS2812B_GABE,107.26,-40.66396,90,top
D44,WS2812B,WS2812B_GABE,117.46,-40.66396,90,top
D45,WS2812B,WS2812B_GABE,127.66,-40.66396,90,top
D46,WS2812B,WS2812B_GABE,137.86,-40.66396,90,top
D47,WS2812B,WS2812B_GABE,148.06,-40.66396,90,top
D48,WS2812B,WS2812B_GABE,158.26,-40.66396,90,top
D49,WS2812B,WS2812B_GABE,168.46,-40.66396,90,top
D50,WS2812B,WS2812B_GABE,178.66,-40.66396,90,top
D51,WS2812B,WS2812B_GABE,188.86,-40.66396,90,top
D52,WS2812B,WS2812B_GABE,199.06,-40.66396,90,top
D53,WS2812B,WS2812B_GABE,209.26,-40.66396,90,top
D54,WS2812B,WS2812B_GABE,219.46,-40.66396,90,top
D55,WS2812B,WS2812B_GABE,229.66,-40.66396,90,top
D56,WS2812B,WS2812B_GABE,239.86,-40.66396,90,top
D57,WS2812B,WS2812B_GABE,250.06,-40.66396,90,top
D58,WS2812B,WS2812B_GABE,260.26,-40.66396,90,top
D59,WS2812B,WS2812B_GABE,270.46,-40.66396,90,top
D60,WS2812B,WS2812B_GABE,280.66,-40.66396,90,top
D61,WS2812B,WS2812B_GABE,290.86,-40.66396,90,top
D62,WS2812B,WS2812B_GABE,301.06,-40.66396,90,top
D63,WS2812B,WS2812B_GABE,311.26,-40.66396,90,top
D64,WS2812B,WS2812B_GABE,321.46,-40.66396,90,top
D65,WS2812B,WS2812B_GABE,331.66,-40.66396,90,top
D66,WS2812B,WS2812B_GABE,341.86,-40.66396,90,top
D67,WS2812B,WS2812B_GABE,352.06,-40.66396,90,top
D68,WS2812B,WS2812B_GABE,362.26,-40.66396,90,top
D69,WS2812B,WS2812B_GABE,372.46,-40.66396,90,top
D70,WS2812B,WS2812B_GABE,56.26,-51.69264,90,top
D71,WS2812B,WS2812B_GABE,66.46,-51.69264,90,top
D72,WS2812B,WS2812B_GABE,76.66,-51.69264,90,top
D73,WS2812B,WS2812B_GABE,86.86,-51.69264,90,top
D74,WS2812B,WS2812B_GABE,97.06,-51.69264,90,top
D75,WS2812B,WS2812B_GABE,107.26,-51.69264,90,top
D76,WS2812B,WS2812B_GABE,117.46,-51.69264,90,top
D77,WS2812B,WS2812B_GABE,127.66,-51.69264,90,top
D78,WS2812B,WS2812B_GABE,137.86,-51.69264,90,top
D79,WS2812B,WS2812B_GABE,148.06,-51.69264,90,top
D80,WS2812B,WS2812B_GABE,158.26,-51.69264,90,top
D81,WS2812B,WS2812B_GABE,168.46,-51.69264,90,top
D82,WS2812B,WS2812B_GABE,178.66,-51.69264,90,top
D83,WS2812B,WS2812B_GABE,188.86,-51.69264,90,top
D84,WS2812B,WS2812B_GABE,199.06,-51.69264,90,top
D85,WS2812B,WS2812B_GABE,209.26,-51.69264,90,top
D86,WS2812B,WS2812B_GABE,219.46,-51.69264,90,top
D87,WS2812B,WS2812B_GABE,229.66,-51.69264,90,top
D88,WS2812B,WS2812B_GABE,239.86,-51.69264,90,top
D89,WS2812B,WS2812B_GABE,250.06,-51.69264,90,top
D90,WS2812B,WS2812B_GABE,260.26,-51.69264,90,top
D91,WS2812B,WS2812B_GABE,270.46,-51.69264,90,top
D92,WS2812B,WS2812B_GABE,280.66,-51.69264,90,top
D93,WS2812B,WS2812B_GABE,290.86,-51.69264,90,top
D94,WS2812B,WS2812B_GABE,301.06,-51.69264,90,top
D95,WS2812B,WS2812B_GABE,311.26,-51.69264,90,top
D96,WS2812B,WS2812B_GABE,321.46,-51.69264,90,top
D97,WS2812B,WS2812B_GABE,331.66,-51.69264,90,top
D98,WS2812B,WS2812B_GABE,341.86,-51.69264,90,top
D99,WS2812B,WS2812B_GABE,352.06,-51.69264,90,top
D100,WS2812B,WS2812B_GABE,362.26,-51.69264,90,top
D101,WS2812B,WS2812B_GABE,372.46,-51.69264,90,top
D102,WS2812B,WS2812B_GABE,56.26,-62.72132,90,top
D103,WS2812B,WS2812B_GABE,66.46,-62.72132,90,top
D104,WS2812B,WS2812B_GABE,76.66,-62.72132,90,top
D105,WS2812B,WS2812B_GABE,86.86,-62.72132,90,top
D106,WS2812B,WS2812B_GABE,97.06,-62.72132,90,top
D107,WS2812B,WS2812B_GABE,107.26,-62.72132,90,top
D108,WS2812B,WS2812B_GABE,117.46,-62.72132,90,top
D109,WS2812B,WS2812B_GABE,127.66,-62.72132,90,top
D110,WS2812B,WS2812B_GABE,137.86,-62.72132,90,top
D111,WS2812B,WS2812B_GABE,148.06,-62.72132,90,top
D112,WS2812B,WS2812B_GABE,158.26,-62.72132,90,top
D113,WS2812B,WS2812B_GABE,168.46,-62.72132,90,top
D114,WS2812B,WS2812B_GABE,178.66,-62.72132,90,top
D115,WS2812B,WS2812B_GABE,188.86,-62.72132,90,top
D116,WS2812B,WS2812B_GABE,199.06,-62.72132,90,top
D117,WS2812B,WS2812B_GABE,209.26,-62.72132,90,top
D118,WS2812B,WS2812B_GABE,219.46,-62.72132,90,top
D119,WS2812B,WS2812B_GABE,229.66,-62.72132,90,top
D120,WS2812B,WS2812B_GABE,239.86,-62.72132,90,top
D121,WS2812B,WS2812B_GABE,250.06,-62.72132,90,top
D122,WS2812B,WS2812B_GABE,260.26,-62.72132,90,top
D123,WS2812B,WS2812B_GABE,270.46,-62.72132,90,top
D124,WS2812B,WS2812B_GABE,280.66,-62.72132,90,top
D125,WS2812B,WS2812B_GABE,290.86,-62.72132,90,top
D126,WS2812B,WS2812B_GABE,301.06,-62.72132,90,top
D127,WS2812B,WS2812B_GABE,311.26,-62.72132,90,top
D128,WS2812B,WS2812B_GABE,321.46,-62.72132,90,top
D129,WS2812B,WS2812B_GABE,331.66,-62.72132,90,top
D130,WS2812B,WS2812B_GABE,341.86,-62.72132,90,top
D131,WS2812B,WS2812B_GABE,352.06,-62.72132,90,top
D132,WS2812B,WS2812B_GABE,362.26,-62.72132,90,top
D133,WS2812B,WS2812B_GABE,372.46,-62.72132,90,top
D134,WS2812B,WS2812B_GABE,56.26,-73.75,90,top
D135,WS2812B,WS2812B_GABE,66.46,-73.75,90,top
D136,WS2812B,WS2812B_GABE,76.66,-73.75,90,top
D137,WS2812B,WS2812B_GABE,86.86,-73.75,90,top
D138,WS2812B,WS2812B_GABE,97.06,-73.75,90,top
D139,WS2812B,WS2812B_GABE,107.26,-73.75,90,top
D140,WS2812B,WS2812B_GABE,117.46,-73.75,90,top
D141,WS2812B,WS2812B_GABE,127.66,-73.75,90,top
D142,WS2812B,WS2812B_GABE,137.86,-73.75,90,top
D143,WS2812B,WS2812B_GABE,148.06,-73.75,90,top
D144,WS2812B,WS2812B_GABE,158.26,-73.75,90,top
D145,WS2812B,WS2812B_GABE,168.46,-73.75,90,top
D146,WS2812B,WS2812B_GABE,178.66,-73.75,90,top
D147,WS2812B,WS2812B_GABE,188.86,-73.75,90,top
D148,WS2812B,WS2812B_GABE,199.06,-73.75,90,top
D149,WS2812B,WS2812B_GABE,209.26,-73.75,90,top
D150,WS2812B,WS2812B_GABE,219.46,-73.75,90,top
D151,WS2812B,WS2812B_GABE,229.66,-73.75,90,top
D152,WS2812B,WS2812B_GABE,239.86,-73.75,90,top
D153,WS2812B,WS2812B_GABE,250.06,-73.75,90,top
D154,WS2812B,WS2812B_GABE,260.26,-73.75,90,top
D155,WS2812B,WS2812B_GABE,270.46,-73.75,90,top
D156,WS2812B,WS2812B_GABE,280.66,-73.75,90,top
D157,WS2812B,WS2812B_GABE,290.86,-73.75,90,top
D158,WS2812B,WS2812B_GABE,301.06,-73.75,90,top
D159,WS2812B,WS2812B_GABE,311.26,-73.75,90,top
D160,WS2812B,WS2812B_GABE,321.46,-73.75,90,top
D161,WS2812B,WS2812B_GABE,331.66,-73.75,90,top
D162,WS2812B,WS2812B_GABE,341.86,-73.75,90,top
D163,WS2812B,WS2812B_GABE,352.06,-73.75,90,top
D164,WS2812B,WS2812B_GABE,362.26,-73.75,90,top
D165,WS2812B,WS2812B_GABE,372.46,-73.75,90,top
D166,WS2812B,WS2812B_GABE,56.26,-84.77868,90,top
D167,WS2812B,WS2812B_GABE,66.46,-84.77868,90,top
D168,WS2812B,WS2812B_GABE,76.66,-84.77868,90,top
D169,WS2812B,WS2812B_GABE,86.86,-84.77868,90,top
D170,WS2812B,WS2812B_GABE,97.06,-84.77868,90,top
D171,WS2812B,WS2812B_GABE,107.26,-84.77868,90,top
D172,WS2812B,WS2812B_GABE,117.46,-84.77868,90,top
D173,WS2812B,WS2812B_GABE,127.66,-84.77868,90,top
D174,WS2812B,WS2812B_GABE,137.86,-84.77868,90,top
D175,WS2812B,WS2812B_GABE,148.06,-84.77868,90,top
D176,WS2812B,WS2812B_GABE,158.26,-84.77868,90,top
D177,WS2812B,WS2812B_GABE,168.46,-84.77868,90,top
D178,WS2812B,WS2812B_GABE,178.66,-84.77868,90,top
D179,WS2812B,WS2812B_GABE,188.86,-84.77868,90,top
D180,WS2812B,WS2812B_GABE,199.06,-84.77868,90,top
D181,WS2812B,WS2812B_GABE,209.26,-84.77868,90,top
D182,WS2812B,WS2812B_GABE,219.46,-84.77868,90,top
D183,WS2812B,WS2812B_GABE,229.66,-84.77868,90,top
D184,WS2812B,WS2812B_GABE,239.86,-84.77868,90,top
D185,WS2812B,WS2812B_GABE,250.06,-84.77868,90,top
D186,WS2812B,WS2812B_GABE,260.26,-84.77868,90,top
D187,WS2812B,WS2812B_GABE,270.46,-84.77868,90,top
D188,WS2812B,WS2812B_GABE,280.66,-84.77868,90,top
D189,WS2812B,WS2812B_GABE,290.86,-84.77868,90,top
D190,WS2812B,WS2812B_GABE,301.06,-84.77868,90,top
D191,WS2812B,WS2812B_GABE,311.26,-84.77868,90,top
D192,WS2812B,WS2812B_GABE,321.46,-84.77868,90,top
D193,WS2812B,WS2812B_GABE,331.66,-84.77868,90,top
D194,WS2812B,WS2812B_GABE,341.86,-84.77868,90,top
D195,WS2812B,WS2812B_GABE,352.06,-84.77868,90,top
D196,WS2812B,WS2812B_GABE,362.26,-84.77868,90,top
D197,WS2812B,WS2812B_GABE,372.46,-84.77868,90,top
D198,WS2812B,WS2812B_GABE,56.26,-95.80736,90,top
D199,WS2812B,WS2812B_GABE,66.46,-95.80736,90,top
D200,WS2812B,WS2812B_GABE,76.66,-95.80736,90,top
D201,WS2812B,WS2812B_GABE,86.86,-95.80736,90,top
D202,WS2812B,WS2812B_GABE,97.06,-95.80736,90,top
D203,WS2812B,WS2812B_GABE,107.26,-95.80736,90,top
D204,WS2812B,WS2812B_GABE,117.46,-95.80736,90,top
D205,WS2812B,WS2812B_GABE,127.66,-95.80736,90,top
D206,WS2812B,WS2812B_GABE,137.86,-95.80736,90,top
D207,WS2812B,WS2812B_GABE,148.06,-95.80736,90,top
D208,WS2812B,WS2812B_GABE,158.26,-95.80736,90,top
D209,WS2812B,WS2812B_GABE,168.46,-95.80736,90,top
D210,WS2812B,WS2812B_GABE,178.66,-95.80736,90,top
D211,WS2812B,WS2812B_GABE,188.86,-95.80736,90,top
D212,WS2812B,WS2812B_GABE,199.06,-95.80736,90,top
D213,WS2812B,WS2812B_GABE,209.26,-95.80736,90,top
D214,WS2812B,WS2812B_GABE,219.46,-95.80736,90,top
D215,WS2812B,WS2812B_GABE,229.66,-95.80736,90,top
D216,WS2812B,WS2812B_GABE,239.86,-95.80736,90,top
D217,WS2812B,WS2812B_GABE,250.06,-95.80736,90,top
D218,WS2812B,WS2812B_GABE,260.26,-95.80736,90,top
D219,WS2812B,WS2812B_GABE,270.46,-95.80736,90,top
D220,WS2812B,WS2812B_GABE,280.66,-95.80736,90,top
D221,WS2812B,WS2812B_GABE,290.86,-95.80736,90,top
D222,WS2812B,WS2812B_GABE,301.06,-95.80736,90,top
D223,WS2812B,WS2812B_GABE,311.26,-95.80736,90,top
D224,WS2812B,WS2812B_GABE,321.46,-95.80736,90,top
D225,WS2812B,WS2812B_GABE,331.66,-95.80736,90,top
D226,WS2812B,WS2812B_GABE,341.86,-95.80736,90,top
D227,WS2812B,WS2812B_GABE,352.06,-95.80736,90,top
D228,WS2812B,WS2812B_GABE,362.26,-95.80736,90,top
D229,WS2812B,WS2812B_GABE,372.46,-95.80736,90,top
D230,WS2812B,WS2812B_GABE,56.26,-106.83604,90,top
D231,WS2812B,WS2812B_GABE,66.46,-106.83604,90,top
D232,WS2812B,WS2812B_GABE,76.66,-106.83604,90,top
D233,WS2812B,WS2812B_GABE,86.86,-106.83604,90,top
D234,WS2812B,WS2812B_GABE,97.06,-106.83604,90,top
D235,WS2812B,WS2812B_GABE,107.26,-106.83604,90,top
D236,WS2812B,WS2812B_GABE,117.46,-106.83604,90,top
D237,WS2812B,WS2812B_GABE,127.66,-106.83604,90,top
D238,WS2812B,WS2812B_GABE,137.86,-106.83604,90,top
D239,WS2812B,WS2812B_GABE,148.06,-106.83604,90,top
D240,WS2812B,WS2812B_GABE,158.26,-106.83604,90,top
D241,WS2812B,WS2812B_GABE,168.46,-106.83604,90,top
D242,WS2812B,WS2812B_GABE,178.66,-106.83604,90,top
D243,WS2812B,WS2812B_GABE,188.86,-106.83604,90,top
D244,WS2812B,WS2812B_GABE,199.06,-106.83604,90,top
D245,WS2812B,WS2812B_GABE,209.26,-106.83604,90,top
D246,WS2812B,WS2812B_GABE,219.46,-106.83604,90,top
D247,WS2812B,WS2812B_GABE,229.66,-106.83604,90,top
D248,WS2812B,WS2812B_GABE,239.86,-106.83604,90,top
D249,WS2812B,WS2812B_GABE,250.06,-106.83604,90,top
D250,WS2812B,WS2812B_GABE,260.26,-106.83604,90,top
D251,WS2812B,WS2812B_GABE,270.46,-106.83604,90,top
D252,WS2812B,WS2812B_GABE,280.66,-106.83604,90,top
D253,WS2812B,WS2812B_GABE,290.86,-106.83604,90,top
D254,WS2812B,WS2812B_GABE,301.06,-106.83604,90,top
D255,WS2812B,WS2812B_GABE,311.26,-106.83604,90,top
D256,WS2812B,WS2812B_GABE,321.46,-106.83604,90,top
D257,WS2812B,WS2812B_GABE,331.66,-106.83604,90,top
D258,WS2812B,WS2812B_GABE,341.86,-106.83604,90,top
D259,WS2812B,WS2812B_GABE,352.06,-106.83604,90,top
D260,WS2812B,WS2812B_GABE,362.26,-106.83604,90,top
D261,WS2812B,WS2812B_GABE,372.46,-106.83604,90,top
D262,WS2812B,WS2812B_GABE,56.26,-117.86472,90,top
D263,WS2812B,WS2812B_GABE,66.46,-117.86472,90,top
D264,WS2812B,WS2812B_GABE,76.66,-117.86472,90,top
D265,WS2812B,WS2812B_GABE,86.86,-117.86472,90,top
D266,WS2812B,WS2812B_GABE,97.06,-117.86472,90,top
D267,WS2812B,WS2812B_GABE,107.26,-117.86472,90,top
D268,WS2812B,WS2812B_GABE,117.46,-117.86472,90,top
D269,WS2812B,WS2812B_GABE,127.66,-117.86472,90,top
D270,WS2812B,WS2812B_GABE,137.86,-117.86472,90,top
D271,WS2812B,WS2812B_GABE,148.06,-117.86472,90,top
D272,WS2812B,WS2812B_GABE,158.26,-117.86472,90,top
D273,WS2812B,WS2812B_GABE,168.46,-117.86472,90,top
D274,WS2812B,WS2812B_GABE,178.66,-117.86472,90,top
D275,WS2812B,WS2812B_GABE,188.86,-117.86472,90,top
D276,WS2812B,WS2812B_GABE,199.06,-117.86472,90,top
D277,WS2812B,WS2812B_GABE,209.26,-117.86472,90,top
D278,WS2812B,WS2812B_GABE,219.46,-117.86472,90,top
D279,WS2812B,WS2812B_GABE,229.66,-117.86472,90,top
D280,WS2812B,WS2812B_GABE,239.86,-117.86472,90,top
D281,WS2812B,WS2812B_GABE,250.06,-117.86472,90,top
D282,WS2812B,WS2812B_GABE,260.26,-117.86472,90,top
D283,WS2812B,WS2812B_GABE,270.46,-117.86472,90,top
D284,WS2812B,WS2812B_GABE,280.66,-117.86472,90,top
D285,WS2812B,WS2812B_GABE,290.86,-117.86472,90,top
D286,WS2812B,WS2812B_GABE,301.06,-117.86472,90,top
D287,WS2812B,WS2812B_GABE,311.26,-117.86472,90,top
D288,WS2812B,WS2812B_GABE,321.46,-117.86472,90,top
D289,WS2812B,WS2812B_GABE,331.66,-117.86472,90,top
D290,WS2812B,WS2812B_GABE,341.86,-117.86472,90,top
D291,WS2812B,WS2812B_GABE,352.06,-117.86472,90,top
D292,WS2812B,WS2812B_GABE,362.26,-117.86472,90,top
D293,WS2812B,WS2812B_GABE,372.46,-117.86472,90,top
D294,WS2812B,WS2812B_GABE,56.26,-128.8934,90,top
D295,WS2812B,WS2812B_GABE,66.46,-128.8934,90,top
D296,WS2812B,WS2812B_GABE,76.66,-128.8934,90,top
D297,WS2812B,WS2812B_GABE,86.86,-128.8934,90,top
D298,WS2812B,WS2812B_GABE,97.06,-128.8934,90,top
D299,WS2812B,WS2812B_GABE,107.26,-128.8934,90,top
D300,WS2812B,WS2812B_GABE,117.46,-128.8934,90,top
D301,WS2812B,WS2812B_GABE,127.66,-128.8934,90,top
D302,WS2812B,WS2812B_GABE,137.86,-128.8934,90,top
D303,WS2812B,WS2812B_GABE,148.06,-128.8934,90,top
D304,WS2812B,WS2812B_GABE,158.26,-128.8934,90,top
D305,WS2812B,WS2812B_GABE,168.46,-128.8934,90,top
D306,WS2812B,WS2812B_GABE,178.66,-128.8934,90,top
D307,WS2812B,WS2812B_GABE,188.86,-128.8934,90,top
D308,WS2812B,WS2812B_GABE,199.06,-128.8934,90,top
D309,WS2812B,WS2812B_GABE,209.26,-128.8934,90,top
D310,WS2812B,WS2812B_GABE,219.46,-128.8934,90,top
D311,WS2812B,WS2812B_GABE,229.66,-128.8934,90,top
D312,WS2812B,WS2812B_GABE,239.86,-128.8934,90,top
D313,WS2812B,WS2812B_GABE,250.06,-128.8934,90,top
D314,WS2812B,WS2812B_GABE,260.26,-128.8934,90,top
D315,WS2812B,WS2812B_GABE,270.46,-128.8934,90,top
D316,WS2812B,WS2812B_GABE,280.66,-128.8934,90,top
D317,WS2812B,WS2812B_GABE,290.86,-128.8934,90,top
D318,WS2812B,WS2812B_GABE,301.06,-128.8934,90,top
D319,WS2812B,WS2812B_GABE,311.26,-128.8934,90,top
D320,WS2812B,WS2812B_GABE,321.46,-128.8934,90,top
D321,WS2812B,WS2812B_GABE,331.66,-128.8934,90,top
D322,WS2812B,WS2812B_GABE,341.86,-128.8934,90,top
D323,WS2812B,WS2812B_GABE,352.06,-128.8934,90,top
D324,WS2812B,WS2812B_GABE,362.26,-128.8934,90,top
D325,WS2812B,WS2812B_GABE,372.46,-128.8934,90,top
D326,WS2812B,WS2812B_GABE,56.26,-139.92208,90,top
D327,WS2812B,WS2812B_GABE,66.46,-139.92208,90,top
D328,WS2812B,WS2812B_GABE,76.66,-139.92208,90,top
D329,WS2812B,WS2812B_GABE,86.86,-139.92208,90,top
D330,WS2812B,WS2812B_GABE,97.06,-139.92208,90,top
D331,WS2812B,WS2812B_GABE,107.26,-139.92208,90,top
D332,WS2812B,WS2812B_GABE,117.46,-139.92208,90,top
D333,WS2812B,WS2812B_GABE,127.66,-139.92208,90,top
D334,WS2812B,WS2812B_GABE,137.86,-139.92208,90,top
D335,WS2812B,WS2812B_GABE,148.06,-139.92208,90,top
D336,WS2812B,WS2812B_GABE,158.26,-139.92208,90,top
D337,WS2812B,WS2812B_GABE,168.46,-139.92208,90,top
D338,WS2812B,WS2812B_GABE,178.66,-139.92208,90,top
D339,WS2812B,WS2812B_GABE,188.86,-139.92208,90,top
D340,WS2812B,WS2812B_GABE,199.06,-139.92208,90,top
D341,WS2812B,WS2812B_GABE,209.26,-139.92208,90,top
D342,WS2812B,WS2812B_GABE,219.46,-139.92208,90,top
D343,WS2812B,WS2812B_GABE,229.66,-139.92208,90,top
D344,WS2812B,WS2812B_GABE,239.86,-139.92208,90,top
D345,WS2812B,WS2812B_GABE,250.06,-139.92208,90,top
D346,WS2812B,WS2812B_GABE,260.26,-139.92208,90,top
D347,WS2812B,WS2812B_GABE,270.46,-139.92208,90,top
D348,WS2812B,WS2812B_GABE,280.66,-139.92208,90,top
D349,WS2812B,WS2812B_GABE,290.86,-139.92208,90,top
D350,WS2812B,WS2812B_GABE,301.06,-139.92208,90,top
D351,WS2812B,WS2812B_GABE,311.26,-139.92208,90,top
D352,WS2812B,WS2812B_GABE,321.46,-139.92208,90,top
D353,WS2812B,WS2812B_GABE,331.66,-139.92208,90,top
D354,WS2812B,WS2812B_GABE,341.86,-139.92208,90,top
D355,WS2812B,WS2812B_GABE,352.06,-139.92208,90,top
D356,WS2812B,WS2812B_GABE,362.26,-139.92208,90,top
D357,WS2812B,WS2812B_GABE,372.46,-139.92208,90,top
D358,WS2812B,WS2812B_GABE,56.26,-150.95076,90,top
D359,WS2812B,WS2812B_GABE,66.46,-150.95076,90,top
D360,WS2812B,WS2812B_GABE,76.66,-150.95076,90,top
D361,WS2812B,WS2812B_GABE,86.86,-150.95076,90,top
D362,WS2812B,WS2812B_GABE,97.06,-150.95076,90,top
D363,WS2812B,WS2812B_GABE,107.26,-150.95076,90,top
D364,WS2812B,WS2812B_GABE,117.46,-150.95076,90,top
D365,WS2812B,WS2812B_GABE,127.66,-150.95076,90,top
D366,WS2812B,WS2812B_GABE,137.86,-150.95076,90,top
D367,WS2812B,WS2812B_GABE,148.06,-150.95076,90,top
D368,WS2812B,WS2812B_GABE,158.26,-150.95076,90,top
D369,WS2812B,WS2812B_GABE,168.46,-150.95076,90,top
D370,WS2812B,WS2812B_GABE,178.66,-150.95076,90,top
D371,WS2812B,WS2812B_GABE,188.86,-150.95076,90,top
D372,WS2812B,WS2812B_GABE,199.06,-150.95076,90,top
D373,WS2812B,WS2812B_GABE,209.26,-150.95076,90,top
D374,WS2812B,WS2812B_GABE,219.46,-150.95076,90,top
D375,WS2812B,WS2812B_GABE,229.66,-150.95076,90,top
D376,WS2812B,WS2812B_GABE,239.86,-150.95076,90,top
D377,WS2812B,WS2812B_GABE,250.06,-150.95076,90,top
D378,WS2812B,WS2812B_GABE,260.26,-150.95076,90,top
D379,WS2812B,WS2812B_GABE,270.46,-150.95076,90,top
D380,WS2812B,WS2812B_GABE,280.66,-150.95076,90,top
D381,WS2812B,WS2812B_GABE,290.86,-150.95076,90,top
D382,WS2812B,WS2812B_GABE,301.06,-150.95076,90,top
D383,WS2812B,WS2812B_GABE,311.26,-150.95076,90,top
D384,WS2812B,WS2812B_GABE,321.46,-150.95076,90,top
D385,WS2812B,WS2812B_GABE,331.66,-150.95076,90,top
D386,WS2812B,WS2812B_GABE,341.86,-150.95076,90,top
D387,WS2812B,WS2812B_GABE,352.06,-150.95076,90,top
D388,WS2812B,WS2812B_GABE,362.26,-150.95076,90,top
D389,WS2812B,WS2812B_GABE,372.46,-150.95076,90,top
D390,WS2812B,WS2812B_GABE,56.26,-161.97944,90,top
D391,WS2812B,WS2812B_GABE,66.46,-161.97944,90,top
D392,WS2812B,WS2812B_GABE,76.66,-161.97944,90,top
D393,WS2812B,WS2812B_GABE,86.86,-161.97944,90,top
D394,WS2812B,WS2812B_GABE,97.06,-161.97944,90,top
D395,WS2812B,WS2812B_GABE,107.26,-161.97944,90,top
D396,WS2812B,WS2812B_GABE,117.46,-161.97944,90,top
D397,WS2812B,WS2812B_GABE,127.66,-161.97944,90,top
D398,WS2812B,WS2812B_GABE,137.86,-161.97944,90,top
D399,WS2812B,WS2812B_GABE,148.06,-161.97944,90,top
D400,WS2812B,WS2812B_GABE,158.26,-161.97944,90,top
D401,WS2812B,WS2812B_GABE,168.46,-161.97944,90,top
D402,WS2812B,WS2812B_GABE,178.66,-161.97944,90,top
D403,WS2812B,WS2812B_GABE,188.86,-161.97944,90,top
D404,WS2812B,WS2812B_GABE,199.06,-161.97944,90,top
D405,WS2812B,WS2812B_GABE,209.26,-161.97944,90,top
D406,WS2812B,WS2812B_GABE,219.46,-161.97944,90,top
D407,WS2812B,WS2812B_GABE,229.66,-161.97944,90,top
D408,WS2812B,WS2812B_GABE,239.86,-161.97944,90,top
D409,WS2812B,WS2812B_GABE,250.06,-161.97944,90,top
D410,WS2812B,WS2812B_GABE,260.26,-161.97944,90,top
D411,WS2812B,WS2812B_GABE,270.46,-161.97944,90,top
D412,WS2812B,WS2812B_GABE,280.66,-161.97944,90,top
D413,WS2812B,WS2812B_GABE,290.86,-161.97944,90,top
D414,WS2812B,WS2812B_GABE,301.06,-161.97944,90,top
D415,WS2812B,WS2812B_GABE,311.26,-161.97944,90,top
D416,WS2812B,WS2812B_GABE,321.46,-161.97944,90,top
D417,WS2812B,WS2812B_GABE,331.66,-161.97944,90,top
D418,WS2812B,WS2812B_GABE,341.86,-161.97944,90,top
D419,WS2812B,WS2812B_GABE,352.06,-161.97944,90,top
D420,WS2812B,WS2812B_GABE,362.26,-161.97944,90,top
D421,WS2812B,WS2812B_GABE,372.46,-161.97944,90,top
D422,WS2812B,WS2812B_GABE,56.26,-173.00812,90,top
D423,WS2812B,WS2812B_GABE,66.46,-173.00812,90,top
D424,WS2812B,WS2812B_GABE,76.66,-173.00812,90,top
D425,WS2812B,WS2812B_GABE,86.86,-173.00812,90,top
D426,WS2812B,WS2812B_GABE,97.06,-173.00812,90,top
D427,WS2812B,WS2812B_GABE,107.26,-173.00812,90,top
D428,WS2812B,WS2812B_GABE,117.46,-173.00812,90,top
D429,WS2812B,WS2812B_GABE,127.66,-173.00812,90,top
D430,WS2812B,WS2812B_GABE,137.86,-173.00812,90,top
D431,WS2812B,WS2812B_GABE,148.06,-173.00812,90,top
D432,WS2812B,WS2812B_GABE,158.26,-173.00812,90,top
D433,WS2812B,WS2812B_GABE,168.46,-173.00812,90,top
D434,WS2812B,WS2812B_GABE,178.66,-173.00812,90,top
D435,WS2812B,WS2812B_GABE,188.86,-173.00812,90,top
D436,WS2812B,WS2812B_GABE,199.06,-173.00812,90,top
D437,WS2812B,WS2812B_GABE,209.26,-173.00812,90,top
D438,WS2812B,WS2812B_GABE,219.46,-173.00812,90,top
D439,WS2812B,WS2812B_GABE,229.66,-173.00812,90,top
D440,WS2812B,WS2812B_GABE,239.86,-173.00812,90,top
D441,WS2812B,WS2812B_GABE,250.06,-173.00812,90,top
D442,WS2812B,WS2812B_GABE,260.26,-173.00812,90,top
D443,WS2812B,WS2812B_GABE,270.46,-173.00812,90,top
D444,WS2812B,WS2812B_GABE,280.66,-173.00812,90,top
D445,WS2812B,WS2812B_GABE,290.86,-173.00812,90,top
D446,WS2812B,WS2812B_GABE,301.06,-173.00812,90,top
D447,WS2812B,WS2812B_GABE,311.26,-173.00812,90,top
D448,WS2812B,WS2812B_GABE,321.46,-173.00812,90,top
D449,WS2812B,WS2812B_GABE,331.66,-173.00812,90,top
D450,WS2812B,WS2812B_GABE,341.86,-173.00812,90,top
D451,WS2812B,WS2812B_GABE,352.06,-173.00812,90,top
D452,WS2812B,WS2812B_GABE,362.26,-173.00812,90,top
D453,WS2812B,WS2812B_GABE,372.46,-173.00812,90,top
D454,WS2812B,WS2812B_GABE,56.26,-184.0368,90,top
D455,WS2812B,WS2812B_GABE,66.46,-184.0368,90,top
D456,WS2812B,WS2812B_GABE,76.66,-184.0368,90,top
D457,WS2812B,WS2812B_GABE,86.86,-184.0368,90,top
D458,WS2812B,WS2812B_GABE,97.06,-184.0368,90,top
D459,WS2812B,WS2812B_GABE,107.26,-184.0368,90,top
D460,WS2812B,WS2812B_GABE,117.46,-184.0368,90,top
D461,WS2812B,WS2812B_GABE,127.66,-184.0368,90,top
D462,WS2812B,WS2812B_GABE,137.86,-184.0368,90,top
D463,WS2812B,WS2812B_GABE,148.06,-184.0368,90,top
D464,WS2812B,WS2812B_GABE,158.26,-184.0368,90,top
D465,WS2812B,WS2812B_GABE,168.46,-184.0368,90,top
D466,WS2812B,WS2812B_GABE,178.66,-184.0368,90,top
D467,WS2812B,WS2812B_GABE,188.86,-184.0368,90,top
D468,WS2812B,WS2812B_GABE,199.06,-184.0368,90,top
D469,WS2812B,WS2812B_GABE,209.26,-184.0368,90,top
D470,WS2812B,WS2812B_GABE,219.46,-184.0368,90,top
D471,WS2812B,WS2812B_GABE,229.66,-184.0368,90,top
D472,WS2812B,WS2812B_GABE,239.86,-184.0368,90,top
D473,WS2812B,WS2812B_GABE,250.06,-184.0368,90,top
D474,WS2812B,WS2812B_GABE,260.26,-184.0368,90,top
D475,WS2812B,WS2812B_GABE,270.46,-184.0368,90,top
D476,WS2812B,WS2812B_GABE,280.66,-184.0368,90,top
D477,WS2812B,WS2812B_GABE,290.86,-184.0368,90,top
D478,WS2812B,WS2812B_GABE,301.06,-184.0368,90,top
D479,WS2812B,WS2812B_GABE,311.26,-184.0368,90,top
D480,WS2812B,WS2812B_GABE,321.46,-184.0368,90,top
D481,WS2812B,WS2812B_GABE,331.66,-184.0368,90,top
D482,WS2812B,WS2812B_GABE,341.86,-184.0368,90,top
D483,WS2812B,WS2812B_GABE,352.06,-184.0368,90,top
D484,WS2812B,WS2812B_GABE,362.26,-184.0368,90,top
D485,WS2812B,WS2812B_GABE,372.46,-184.0368,90,top
D486,WS2812B,WS2812B_GABE,56.26,-195.06548,90,top
D487,WS2812B,WS2812B_GABE,66.46,-195.06548,90,top
D488,WS2812B,WS2812B_GABE,76.66,-195.06548,90,top
D489,WS2812B,WS2812B_GABE,86.86,-195.06548,90,top
D490,WS2812B,WS2812B_GABE,97.06,-195.06548,90,top
D491,WS2812B,WS2812B_GABE,107.26,-195.06548,90,top
D492,WS2812B,WS2812B_GABE,117.46,-195.06548,90,top
D493,WS2812B,WS2812B_GABE,127.66,-195.06548,90,top
D494,WS2812B,WS2812B_GABE,137.86,-195.06548,90,top
D495,WS2812B,WS2812B_GABE,148.06,-195.06548,90,top
D496,WS2812B,WS2812B_GABE,158.26,-195.06548,90,top
D497,WS2812B,WS2812B_GABE,168.46,-195.06548,90,top
D498,WS2812B,WS2812B_GABE,178.66,-195.06548,90,top
D499,WS2812B,WS2812B_GABE,188.86,-195.06548,90,top
D500,WS2812B,WS2812B_GABE,199.06,-195.06548,90,top
D501,WS2812B,WS2812B_GABE,209.26,-195.06548,90,top
D502,WS2812B,WS2812B_GABE,219.46,-195.06548,90,top
D503,WS2812B,WS2812B_GABE,229.66,-195.06548,90,top
D504,WS2812B,WS2812B_GABE,239.86,-195.06548,90,top
D505,WS2812B,WS2812B_GABE,250.06,-195.06548,90,top
D506,WS2812B,WS2812B_GABE,260.26,-195.06548,90,top
D507,WS2812B,WS2812B_GABE,270.46,-195.06548,90,top
D508,WS2812B,WS2812B_GABE,280.66,-195.06548,90,top
D509,WS2812B,WS2812B_GABE,290.86,-195.06548,90,top
D510,WS2812B,WS2812B_GABE,301.06,-195.06548,90,top
D511,WS2812B,WS2812B_GABE,311.26,-195.06548,90,top
D512,WS2812B,WS2812B_GABE,321.46,-195.06548,90,top
D513,WS2812B,WS2812B_GABE,331.66,-195.06548,90,top
D514,WS2812B,WS2812B_GABE,341.86,-195.06548,90,top
D515,WS2812B,WS2812B_GABE,352.06,-195.06548,90,top
D516,WS2812B,WS2812B_GABE,362.26,-195.06548,90,top
D517,WS2812B,WS2812B_GABE,372.46,-195.06548,90,top
J1,USB_C_Receptacle_USB2.0,USB_C_Receptacle_HRO_TYPE-C-31-M-12,51.9176,-227.6602,-90,top
J2,Conn_01x03,PinSocket_1x03_P2.54mm_Vertical,136.8044,-244.6782,-90,top
J3,Conn_01x02,PinSocket_1x02_P2.54mm_Vertical,67.6348,-249.6316,-90,top
J4,Conn_01x04,PinSocket_1x04_P2.54mm_Vertical,168.2492,-235.4426,180,top
J5,Conn_01x02,PinSocket_1x02_P2.54mm_Vertical,51.3588,-204.4446,-90,top
J6,Barrel_Jack_Switch,BarrelJack_GCT_DCJ200-10-A_Horizontal,55.6776,-212.6742,-90,top
J7,AudioJack4,Jack_3.5mm_PJ320D_Horizontal,56.448,-243.713,0,top
J8,USB_B_Micro,USB_Micro-B_Molex-105017-0001,194.3152,-248.7569,0,top
J10,Conn_01x06,PinHeader_1x06_P2.54mm_Vertical,236.22,-237.49,0,top
J11,Conn_01x06,PinHeader_1x06_P2.54mm_Vertical,236.22,-219.71,0,top
R1,DNS,R_0402_1005Metric,155.8163,-223.5454,180,top
R2,1k,R_0402_1005Metric,158.0261,-223.5454,180,top
R3,10k,R_0402_1005Metric,139.9032,-239.4458,180,top
R4,27,R_0402_1005Metric,155.0142,-237.0328,180,top
R5,27,R_0402_1005Metric,155.0142,-238.159,180,top
R6,1k,R_0402_1005Metric,139.4714,-235.4326,180,top
R7,10k,R_0402_1005Metric,207.389,-233.5022,0,top
R8,2.2k,R_0805_2012Metric,75.2252,-245.3386,0,top
R9,100k,R_0805_2012Metric,92.964,-242.0366,0,top
R10,100k,R_0805_2012Metric,76.073,-241.173,90,top
R11,2.2k,R_0805_2012Metric,78.7146,-245.3386,0,top
R12,27,R_0402_1005Metric,201.9788,-237.9472,0,top
R13,100k,R_0805_2012Metric,73.8124,-240.2586,90,top
R14,1k,R_0805_2012Metric,80.645,-240.3348,0,top
R15,1k,R_0805_2012Metric,80.645,-238.252,0,top
R16,10k,R_0805_2012Metric,98.3742,-236.5502,90,top
R17,470,R_0805_2012Metric,98.3742,-240.0808,90,top
R18,1k,R_0805_2012Metric,101.2698,-235.7882,0,top
R19,8.2k,R_0805_2012Metric,105.7656,-232.791,0,top
R20,10.5k,R_0805_2012Metric,109.5248,-232.791,0,top
R21,100k,R_0805_2012Metric,88.6206,-238.3028,90,top
R22,1k,R_0805_2012Metric,117.9068,-237.2868,0,top
R23,1.2k,R_0805_2012Metric,121.0564,-236.5502,90,top
R24,0,R_0402_1005Metric,94.5896,-230.507,90,top
R25,0,R_0402_1005Metric,93.4466,-230.507,90,top
R26,5.1k,R_0402_1005Metric,58.6232,-228.9556,180,top
R27,5.1k,R_0402_1005Metric,58.6222,-226.4156,180,top
R28,10k,R_0402_1005Metric,175.8724,-247.9756,90,top
R29,1k,R_0402_1005Metric,139.765936,-221.2331,90,top
R30,1k,R_0402_1005Metric,136.275874,-221.2331,90,top
R31,1k,R_0402_1005Metric,132.785812,-221.1361,90,top
R32,1k,R_0402_1005Metric,129.29575,-221.1355,90,top
R33,1k,R_0402_1005Metric,143.256,-221.2331,90,top
R34,DNS,R_0805_2012Metric,93.218,-232.5116,0,top
R35,27,R_0402_1005Metric,201.9788,-236.855,0,top
R36,10k,R_0402_1005Metric,217.7288,-239.27,-90,top
R37,0,R_0402_1005Metric,201.803,-240.157,180,top
R38,0,R_0402_1005Metric,201.803,-241.3,0,top
R39,0,R_0402_1005Metric,146.9898,-210.9744,-90,top
SW1,SW_Push,SW_Push_1P1T_XKB_TS-1187A,156.6616,-247.8994,0,top
SW2,SW_Push,SW_Push_1P1T_XKB_TS-1187A,148.4602,-247.8994,0,top
SW3,SW_Push,SW_Push_1P1T_XKB_TS-1187A,169.751,-247.9248,0,top
TP1,TestPoint,PinHeader_1x01_P2.54mm_Vertical,69.5452,-244.348,180,top
TP2,TestPoint,PinHeader_1x01_P2.54mm_Vertical,69.5452,-233.426,0,top
TP3,TestPoint,PinHeader_1x01_P2.54mm_Vertical,101.0412,-246.7356,0,top
TP4,TestPoint,PinHeader_1x01_P2.54mm_Vertical,100.203,-231.267,0,top
TP5,TestPoint,PinHeader_1x01_P2.54mm_Vertical,88.3666,-228.3714,0,top
TP6,TestPoint,PinHeader_1x01_P2.54mm_Vertical,122.301,-230.632,0,top
TP7,TestPoint,PinHeader_1x01_P2.54mm_Vertical,86.7918,-247.5738,0,top
U1,W25Q32JVZP,WSON-8-1EP_6x5mm_P1.27mm_EP3.4x4.3mm,154.8974,-228.6644,-90,top
U2,RP2040,QFN-56-1EP_7x7mm_P0.4mm_EP3.2x3.2mm,145.1864,-236.2454,-90,top
U3,XC6206PxxxMR,SOT-23-3,81.153,-219.837,180,top
U4,ZTS6216,ZTS6216,92.2308,-247.2257,0,top
U5,MCP41010,SOIC-8_3.9x4.9mm_P1.27mm,94.234,-225.5012,-90,top
U6,TLV9062xD,SOIC-8_3.9x4.9mm_P1.27mm,93.4608,-236.4232,0,top
U7,TLV9062xD,SOIC-8_3.9x4.9mm_P1.27mm,116.078,-232.9942,0,top
U8,BL1551B,SOT-363_SC-70-6,85.8266,-241.1222,0,top
U9,ESP32-C3-MINI-1,ESP32-C3-MINI-1,209.9696,-242.91,180,top
Y1,Crystal_GND24,Crystal_SMD_3225-4Pin_3.2x2.5mm,135.5598,-233.8578,90,top
